Moon,June,consonants
Mary,Cherry,consonants
Nose,Rose,consonants
Moose,Loose,consonants
Fox,Rocks,consonants
Shed,Red,consonants
Ned,Red,consonants
Meg,Leg,consonants
Red,Jed,consonants
Lake,Jake,consonants
Chin,Win,consonants
Chain,Wayne,consonants
Jack,Yak,consonants
Chew,You,consonants
Vet,Jet,consonants
Fan,Jan,consonants
Sick,Chick,consonants
Sack,Jack,consonants
Seed,Weed,consonants
Sack,Yak,consonants
Sun,One,consonants
Sue,You,consonants
Sad,Chad,consonants
Saw,Jaw,consonants
Think,Wink,consonants
Sail,Whale,consonants
Shane,Rain,consonants
Vine,Line,consonants
Seed,Read,consonants
Sam,Lamb,consonants
Cave,Wave,consonants
Bell,Well,consonants
Bake,Wake,consonants
Pail,Whale,consonants
Tight,White,consonants
Two,You,consonants
Kite,Night,consonants
Tail,Nail,consonants
Bed,Ned,consonants
Pickle,Nickel,consonants
Moo,Zoo,consonants
Meat,Feet,consonants
Nick,Sick,consonants
Mad,Sad,consonants
Mad,Chad,consonants
Knees,Cheese,consonants
Nail,Whale,consonants
Night,White,consonants
Mat,Rat,consonants
Mane,Rain,consonants
No,Joe,consonants
Nip,Chip,consonants
Goose,Moose,consonants
Pan,Man,consonants
Mum,Thumb,consonants
Knee,Sea,consonants
Kick,Lick,consonants
Kite,White,consonants
Ted,Red,consonants
Bun,Run,consonants
Dog,Log,consonants
Cake,Lake,consonants
Dog,Jog,consonants
Back,Jack,consonants
Cane,Chain,consonants
Kick,Chick,consonants
Two,Chew,consonants
Peas,Cheese,consonants
Tire,Fire,consonants
Bat,Fat,consonants
Tail,Sail,consonants
Paul,Fall,consonants
Rain,Chain,consonants
Jane,Chain,consonants
Coast,Ghost,consonants
Cheap,Jeep,consonants
Come,Gum,consonants
Jess,Chess,consonants
Jell-O,Cello,consonants
Fat,Vat,consonants
Face,Vase,consonants
Tea,D,consonants
Tug,Doug,consonants
Cave,Gave,consonants
Kate,Gate,consonants
Tan,Dan,consonants
Time,Dime,consonants
Sea,Z,consonants
Sack,Zach,consonants
Pete,Beet,consonants
Pat,Bat,consonants
Tail,Dale,consonants
Tear,Deer,consonants
Fan,Van,consonants
Few,View,consonants
Push,Bush,consonants
Pack,Back,consonants
Sip,Zip,consonants
Sue,Zoo,consonants
Pack,Tack,consonants
Pick,Kick,consonants
Page,Cage,consonants
Pie,Tie,consonants
Paul,Tall,consonants
Pail,Tail,consonants
Kite,Tight,consonants
Putt,Cut,consonants
Feet,Seat,consonants
Seat,Sheet,consonants
She,Sea,consonants
Few,Shoe,consonants
Sun,Fun,consonants
Sack,Shack,consonants
Sip,Ship,consonants
Four,Shore,consonants
Lane,Rain,consonants
Lamb,Ram,consonants
Light,Right,consonants
Lick,Rick,consonants
Map,Nap,consonants
Moon,Noon,consonants
Mine,Nine,consonants
Moat,Note,consonants
Deep,Beep,consonants
Duck,Buck,consonants
Dart,Bart,consonants
Bow,Go,consonants
Gate,Date,consonants
Gown,Down,consonants
