Moon,June,cm
Mary,Cherry,cm
Nose,Rose,cm
Moose,Loose,cm
Fox,Rocks,cm
Shed,Red,cm
Ned,Red,cm
Meg,Leg,cm
Red,Jed,cm
Lake,Jake,cm
Chin,Win,cm
Chain,Wayne,cm
Jack,Yak,cm
Chew,You,cm
Vet,Jet,cm
Fan,Jan,cm
Sick,Chick,cm
Sack,Jack,cm
Seed,Weed,cm
Sack,Yak,cm
Sun,One,cm
Sue,You,cm
Sad,Chad,cm
Saw,Jaw,cm
Think,Wink,cm
Sail,Whale,cm
Shane,Rain,cm
Vine,Line,cm
Seed,Read,cm
Sam,Lamb,cm
Cave,Wave,cm
Bell,Well,cm
Bake,Wake,cm
Pail,Whale,cm
Tight,White,cm
Two,You,cm
Kite,Night,cm
Tail,Nail,cm
Bed,Ned,cm
Pickle,Nickel,cm
Moo,Zoo,cm
Meat,Feet,cm
Nick,Sick,cm
Mad,Sad,cm
Mad,Chad,cm
Knees,Cheese,cm
Nail,Whale,cm
Night,White,cm
Mat,Rat,cm
Mane,Rain,cm
No,Joe,cm
Nip,Chip,cm
Goose,Moose,cm
Pan,Man,cm
Mum,Thumb,cm
Knee,Sea,cm
Kick,Lick,cm
Kite,White,cm
Ted,Red,cm
Bun,Run,cm
Dog,Log,cm
Cake,Lake,cm
Dog,Jog,cm
Back,Jack,cm
Cane,Chain,cm
Kick,Chick,cm
Two,Chew,cm
Peas,Cheese,cm
Tire,Fire,cm
Bat,Fat,cm
Tail,Sail,cm
Paul,Fall,cm
Rain,Chain,cm

