firstWord,lastWord,category
Ball,Dinosaur,syllables
Bat,Bicycle,syllables
Doll,Soccer Ball,syllables
Cat,Apple Pie,syllables
Milk,Lemonade,syllables
Shirt,Computer,syllables
Soup,Candy Bar,syllables
Shoe,Radio,syllables
Car,Popsicle,syllables
Mom,Dinosaur,syllables
House,Computer,syllables
Dad,Soccer Ball,syllables
Sad,Lemonade,syllables
Cup,Table Cloth,syllables
Ball,Lemon,syllables
Bat,Cookie,syllables
Doll,Water,syllables
Cat,Grape juice,syllables
Milk,Lego,syllables
Shirt,TV,syllables
Dog,Hamster,syllables
Shoe,Doorknob,syllables
Car,Hot Dog,syllables
Mom,Baseball,syllables
Dad,Running,syllables
House,Laughing,syllables
Sad,Swimming,syllables
Chair,Table,syllables
Crying,Soccer Ball,syllables
Happy,Apple Pie,syllables
Lemon,Dinosaur,syllables
Cookie,Bicycle,syllables
Water,Soccer Ball,syllables
Grape Juice,Apple Juice,syllables
Lego,Lemonade,syllables
TV,Computer,syllables
Doorknob,Radio,syllables
Hot Dog,Applesauce,syllables
Baseball,Candy Bar,syllables
Running,Popsicle,syllables
Laughing,Dinosaur,syllables
Swimming,Bicycle,syllables
Couch,Lamp,PD1
Bowl,Cup,PD1
Blue,Green,PD1
Chips,Gum,PD1
Mom,Dad,PD1
Big,Small,PD1
Home,School,PD1
Walk,Run,PD1
Fish,Bug,PD1
Bear,Fox,PD1
Black,Red,PD1
Up,Down,PD1
Shoe,Sock,PD1
Kite,Doll,PD1
Cherries,Apple,PD2
Camel,Giraffe,PD2
Monkey,Lizard,PD2
Turtle,Pigeon,PD2
Eagle,Robin,PD2
Teacher,Husband,PD2
Wagon,Skateboard,PD2
Hamster,Goldfish,PD2
Bat,Boat,wv
Home,Ham,wv
Bee,Boo,wv
Map,Mop,wv
See,Sue,wv
Sheep,Shop,wv
No,Knee,wv
Me,Moo,wv
Hot,Hat,wv
Heat,Hat,wv
Phone,Fan,wv
Hat,Hoot,wv
Pete,Pit,nv
Meat,Mitt,nv
Weak,Wick,nv
Deep,Dip,nv
Pen,Pin,nv
Ten,Tin,nv
Neck,Nick,nv
Spell,Spill,nv
Beg,Bag,nv
Ken,Can,nv
Bed,Bad,nv
Men,Man,nv
Cot,Coat,nv
Sock,Soak,nv
Walk,Woke,nv
Fall,Foal,nv
Cob,Cab,nv
Top,Tap,nv
Shock,Shack,nv
Knot,Gnat,nv
Boot,Boat,nv
Shoe,Show,nv
Lou,Low,nv
Pool,Pole,nv
Bee,Beet,fc
Bus,Bun,fc
Cup,Cub,fc
Moon,Moo,fc
Sun,Sub,fc
Tack,Tap,fc
Wet,Web,fc
Joe,Joan,fc
Pad,Pack,fc
Ben,Bell,fc
Bush,Book,fc
Kate,Cape,fc
Cat,Calf,fc
Rain,Rake,fc
Moon,June,consonants
Mary,Cherry,consonants
Nose,Rose,consonants
Moose,Loose,consonants
Fox,Rocks,consonants
Shed,Red,consonants
Ned,Red,consonants
Meg,Leg,consonants
Red,Jed,consonants
Lake,Jake,consonants
Chin,Win,consonants
Chain,Wayne,consonants
Jack,Yak,consonants
Chew,You,consonants
Vet,Jet,consonants
Fan,Jan,consonants
Sick,Chick,consonants
Sack,Jack,consonants
Seed,Weed,consonants
Sack,Yak,consonants
Sun,One,consonants
Sue,You,consonants
Sad,Chad,consonants
Saw,Jaw,consonants
Think,Wink,consonants
Sail,Whale,consonants
Shane,Rain,consonants
Vine,Line,consonants
Seed,Read,consonants
Sam,Lamb,consonants
Cave,Wave,consonants
Bell,Well,consonants
Bake,Wake,consonants
Pail,Whale,consonants
Tight,White,consonants
Two,You,consonants
Kite,Night,consonants
Tail,Nail,consonants
Bed,Ned,consonants
Pickle,Nickel,consonants
Moo,Zoo,consonants
Meat,Feet,consonants
Nick,Sick,consonants
Mad,Sad,consonants
Mad,Chad,consonants
Knees,Cheese,consonants
Nail,Whale,consonants
Night,White,consonants
Mat,Rat,consonants
Mane,Rain,consonants
No,Joe,consonants
Nip,Chip,consonants
Goose,Moose,consonants
Pan,Man,consonants
Mum,Thumb,consonants
Knee,Sea,consonants
Kick,Lick,consonants
Kite,White,consonants
Ted,Red,consonants
Bun,Run,consonants
Dog,Log,consonants
Cake,Lake,consonants
Dog,Jog,consonants
Back,Jack,consonants
Cane,Chain,consonants
Kick,Chick,consonants
Two,Chew,consonants
Peas,Cheese,consonants
Tire,Fire,consonants
Bat,Fat,consonants
Tail,Sail,consonants
Paul,Fall,consonants
Rain,Chain,consonants
Pack,Tack,consonants
Pick,Kick,consonants
Page,Cage,consonants
Pie,Tie,consonants
Paul,Tall,consonants
Pail,Tail,consonants
Kite,Tight,consonants
Putt,Cut,consonants
Feet,Seat,consonants
Seat,Sheet,consonants
She,Sea,consonants
Few,Shoe,consonants
Sun,Fun,consonants
Sack,Shack,consonants
Sip,Ship,consonants
Four,Shore,consonants
Lane,Rain,consonants
Lamb,Ram,consonants
Light,Right,consonants
Lick,Rick,consonants
Map,Nap,consonants
Moon,Noon,consonants
Mine,Nine,consonants
Moat,Note,consonants
Deep,Beep,consonants
Duck,Buck,consonants
Dart,Bart,consonants
Bow,Go,consonants
Gate,Date,consonants
Gown,Down,consonants
Jane,Chain,consonants
Coast,Ghost,consonants
Cheap,Jeep,consonants
Come,Gum,consonants
Jess,Chess,consonants
Jell-O,Cello,consonants
Fat,Vat,consonants
Face,Vase,consonants
Tea,D,consonants
Tug,Doug,consonants
Cave,Gave,consonants
Kate,Gate,consonants
Tan,Dan,consonants
Time,Dime,consonants
Sea,Z,consonants
Sack,Zach,consonants
Pete,Beet,consonants
Pat,Bat,consonants
Tail,Dale,consonants
Tear,Deer,consonants
Fan,Van,consonants
Few,View,consonants
Push,Bush,consonants
Pack,Back,consonants
Sip,Zip,consonants
Sue,Zoo,consonants